LOB,Interval,Forecasted Calls,Offered Calls,Answered Calls,Service Level%,ASA (secs),ABN%,Sum of OTF.,Sum of AHT.,Sum of Occ.,Sum of Met SLA
Carelon Behavioral Health (Beacon CC) Grand Total,,1527,1587,1578,88.22%,18,0.50%,103.95%,440,74.61%,1400
Carelon Behavioral Health (Beacon CC),08:00,24,15,15,100.00%,5,0.00%,62.87%,88,5.35%,15
Carelon Behavioral Health (Beacon CC),08:30,43,35,35,100.00%,2,0.00%,81.70%,317,33.08%,35
Carelon Behavioral Health (Beacon CC),09:00,72,77,77,100.00%,5,0.00%,107.53%,286,40.43%,77
Carelon Behavioral Health (Beacon CC),09:30,85,86,85,97.67%,4,0.00%,100.86%,383,50.95%,84
Carelon Behavioral Health (Beacon CC),10:00,93,81,82,101.23%,4,0.00%,87.45%,423,57.46%,82
Carelon Behavioral Health (Beacon CC),10:30,104,103,95,47.57%,62,3.88%,99.36%,491,93.47%,49
Carelon Behavioral Health (Beacon CC),11:00,111,114,118,103.51%,7,0.00%,102.99%,529,88.61%,118
Carelon Behavioral Health (Beacon CC),11:30,111,145,142,71.72%,36,2.07%,130.56%,479,92.59%,104
Carelon Behavioral Health (Beacon CC),12:00,105,102,102,99.02%,5,0.00%,96.95%,496,81.02%,101
Carelon Behavioral Health (Beacon CC),12:30,108,103,103,100.00%,4,0.00%,95.13%,363,68.32%,103
Carelon Behavioral Health (Beacon CC),13:00,109,97,97,100.00%,2,0.00%,89.00%,375,69.48%,97
Carelon Behavioral Health (Beacon CC),13:30,120,141,141,100.00%,3,0.00%,117.48%,376,75.05%,141
Carelon Behavioral Health (Beacon CC),14:00,120,140,132,81.43%,16,0.00%,116.47%,374,79.59%,114
Carelon Behavioral Health (Beacon CC),14:30,107,125,127,48.80%,74,0.80%,117.01%,540,99.36%,61
Carelon Behavioral Health (Beacon CC),15:00,110,111,116,100.90%,8,0.00%,101.37%,503,83.96%,112
Carelon Behavioral Health (Beacon CC),15:30,106,112,111,95.54%,11,0.00%,105.59%,525,92.62%,107
Carelon Medical Benefits Management Grand Total,,2074,2066,2049,84.61%,27,0.44%,99.63%,401,63.82%,1748
Carelon Medical Benefits Management,08:00,29,35,35,97.14%,5,0.00%,119.70%,202,8.43%,34
Carelon Medical Benefits Management,08:30,85,83,82,93.98%,6,1.20%,97.96%,368,57.07%,78
Carelon Medical Benefits Management,09:00,136,162,162,93.83%,7,0.00%,118.82%,268,61.12%,152
Carelon Medical Benefits Management,09:30,137,151,151,100.00%,1,0.00%,110.43%,401,64.78%,151
Carelon Medical Benefits Management,10:00,153,71,70,73.24%,37,1.41%,46.54%,494,54.97%,52
Carelon Medical Benefits Management,10:30,150,91,90,98.90%,2,0.00%,60.50%,338,29.87%,90
Carelon Medical Benefits Management,11:00,148,159,150,77.36%,23,0.00%,107.57%,394,85.71%,123
Carelon Medical Benefits Management,11:30,145,154,150,55.84%,129,2.60%,106.48%,440,90.73%,86
Carelon Medical Benefits Management,12:00,122,151,157,91.39%,16,0.00%,123.42%,452,77.79%,138
Carelon Medical Benefits Management,12:30,133,148,148,99.32%,2,0.00%,111.07%,399,70.99%,147
Carelon Medical Benefits Management,13:00,134,130,129,72.31%,50,0.00%,97.01%,467,81.12%,94
Carelon Medical Benefits Management,13:30,142,153,147,25.49%,112,1.96%,108.10%,425,88.87%,39
Carelon Medical Benefits Management,14:00,147,136,136,100.00%,1,0.00%,92.47%,419,58.89%,136
Carelon Medical Benefits Management,14:30,145,142,142,100.00%,1,0.00%,98.20%,387,47.67%,142
Carelon Medical Benefits Management,15:00,137,160,158,97.50%,5,0.00%,116.66%,377,67.63%,156
Carelon Medical Benefits Management,15:30,131,140,142,92.86%,9,0.00%,106.59%,410,71.69%,130
Legacy Behavioral Health Grand Total,,336,308,308,99.68%,2,0.00%,91.65%,529,47.36%,307
Legacy Behavioral Health,08:00,6,4,4,100.00%,3,0.00%,70.57%,725,12.35%,4
Legacy Behavioral Health,08:30,11,12,12,100.00%,1,0.00%,114.00%,606,49.49%,12
Legacy Behavioral Health,09:00,12,11,11,100.00%,3,0.00%,92.63%,468,28.96%,11
Legacy Behavioral Health,09:30,19,14,14,100.00%,2,0.00%,72.34%,399,28.65%,14
Legacy Behavioral Health,10:00,22,14,14,100.00%,2,0.00%,63.26%,731,56.32%,14
Legacy Behavioral Health,10:30,20,16,16,100.00%,1,0.00%,81.21%,686,47.74%,16
Legacy Behavioral Health,11:00,26,20,20,100.00%,2,0.00%,75.61%,396,30.55%,20
Legacy Behavioral Health,11:30,26,25,25,100.00%,2,0.00%,97.50%,383,48.50%,25
Legacy Behavioral Health,12:00,24,22,22,100.00%,1,0.00%,90.16%,368,40.90%,22
Legacy Behavioral Health,12:30,24,27,27,100.00%,1,0.00%,111.15%,545,52.32%,27
Legacy Behavioral Health,13:00,21,24,24,100.00%,1,0.00%,112.56%,576,58.13%,24
Legacy Behavioral Health,13:30,29,17,17,100.00%,1,0.00%,58.87%,849,66.42%,17
Legacy Behavioral Health,14:00,25,33,32,93.94%,4,0.00%,131.47%,507,55.78%,31
Legacy Behavioral Health,14:30,26,26,27,103.85%,3,0.00%,101.40%,609,70.94%,27
Legacy Behavioral Health,15:00,24,20,20,100.00%,1,0.00%,83.26%,435,38.70%,20
Legacy Behavioral Health,15:30,21,23,23,100.00%,1,0.00%,109.25%,438,41.16%,23
Carelon Subrogation Grand Total,,253,360,356,93.06%,18,1.11%,142.43%,340,68.20%,335
Carelon Subrogation,08:00,0,0,0,0.00%,0,0.00%,0.00%,0,0.00%,0
Carelon Subrogation,08:30,7,16,16,100.00%,3,0.00%,237.04%,184,29.43%,16
Carelon Subrogation,09:00,9,18,16,88.89%,2,0.00%,200.00%,194,34.06%,16
Carelon Subrogation,09:30,13,17,19,88.24%,59,0.00%,130.77%,474,79.25%,15
Carelon Subrogation,10:00,17,29,29,89.66%,26,0.00%,168.12%,297,65.12%,26
Carelon Subrogation,10:30,16,24,23,95.83%,8,4.17%,152.38%,266,64.98%,23
Carelon Subrogation,11:00,16,20,19,95.00%,5,0.00%,125.00%,317,62.43%,19
Carelon Subrogation,11:30,20,24,25,91.67%,20,0.00%,121.52%,262,72.67%,22
Carelon Subrogation,12:00,16,30,28,90.00%,25,3.33%,187.50%,274,83.82%,27
Carelon Subrogation,12:30,19,30,30,96.67%,16,3.33%,162.16%,433,83.63%,29
Carelon Subrogation,13:00,24,30,30,100.00%,7,0.00%,123.71%,444,76.54%,30
Carelon Subrogation,13:30,19,22,22,100.00%,16,0.00%,117.33%,451,79.33%,22
Carelon Subrogation,14:00,20,38,38,78.95%,40,0.00%,187.65%,296,88.14%,30
Carelon Subrogation,14:30,23,18,18,100.00%,5,0.00%,80.00%,506,62.56%,18
Carelon Subrogation,15:00,16,31,30,93.55%,10,3.23%,190.77%,319,77.53%,29
Carelon Subrogation,15:30,19,13,13,100.00%,2,0.00%,69.33%,315,33.60%,13
Ameriben - Provider Grand Total,,89,110,110,91.82%,7,0.00%,124.24%,439,38.08%,101
Ameriben - Provider,08:00,3,1,1,100.00%,3,0.00%,37.04%,521,9.65%,1
Ameriben - Provider,08:30,3,6,6,100.00%,1,0.00%,204.78%,367,32.01%,6
Ameriben - Provider,09:00,4,6,6,83.33%,12,0.00%,151.52%,468,54.48%,5
Ameriben - Provider,09:30,4,1,1,100.00%,1,0.00%,24.69%,606,23.87%,1
Ameriben - Provider,10:00,5,8,8,100.00%,3,0.00%,150.38%,305,21.92%,8
Ameriben - Provider,10:30,6,13,13,92.31%,3,0.00%,200.31%,403,59.86%,12
Ameriben - Provider,11:00,8,9,9,100.00%,1,0.00%,115.98%,354,27.29%,9
Ameriben - Provider,11:30,6,4,4,100.00%,1,0.00%,62.50%,453,23.11%,4
Ameriben - Provider,12:00,5,10,10,100.00%,1,0.00%,185.19%,300,22.67%,10
Ameriben - Provider,12:30,7,5,5,80.00%,16,0.00%,68.78%,511,44.37%,4
Ameriben - Provider,13:00,4,6,6,100.00%,2,0.00%,155.84%,630,29.95%,6
Ameriben - Provider,13:30,8,4,4,100.00%,1,0.00%,50.89%,529,56.02%,4
Ameriben - Provider,14:00,7,13,13,69.23%,18,0.00%,193.16%,301,39.59%,9
Ameriben - Provider,14:30,7,4,4,75.00%,33,0.00%,55.71%,822,68.25%,3
Ameriben - Provider,15:00,6,8,8,100.00%,1,0.00%,128.00%,434,43.68%,8
Ameriben - Provider,15:30,4,12,12,91.67%,8,0.00%,273.35%,364,56.19%,11
Ameriben - Member Grand Total,,234,243,243,79.01%,31,0.00%,103.86%,1085,63.52%,192
Ameriben - Member,08:00,5,1,1,100.00%,4,0.00%,19.19%,0,0.00%,1
Ameriben - Member,08:30,8,6,6,100.00%,5,0.00%,75.38%,648,6.89%,6
Ameriben - Member,09:00,13,10,10,90.00%,11,0.00%,76.63%,485,39.11%,9
Ameriben - Member,09:30,13,12,12,100.00%,2,0.00%,94.71%,581,21.83%,12
Ameriben - Member,10:00,15,24,20,75.00%,10,0.00%,160.97%,891,71.10%,18
Ameriben - Member,10:30,14,9,13,100.00%,60,0.00%,64.42%,1159,74.32%,9
Ameriben - Member,11:00,17,16,16,100.00%,1,0.00%,94.40%,1113,45.34%,16
Ameriben - Member,11:30,13,12,12,100.00%,1,0.00%,89.02%,1303,62.21%,12
Ameriben - Member,12:00,17,11,11,100.00%,1,0.00%,66.15%,1702,71.14%,11
Ameriben - Member,12:30,17,15,15,73.33%,51,0.00%,86.86%,1547,78.55%,11
Ameriben - Member,13:00,18,25,25,48.00%,92,0.00%,140.29%,1250,82.36%,12
Ameriben - Member,13:30,20,22,22,77.27%,28,0.00%,108.70%,1086,82.11%,17
Ameriben - Member,14:00,16,17,17,100.00%,3,0.00%,105.79%,915,58.46%,17
Ameriben - Member,14:30,15,23,22,60.87%,45,0.00%,154.36%,828,72.37%,14
Ameriben - Member,15:00,18,23,18,73.91%,8,0.00%,128.28%,1337,79.00%,17
Ameriben - Member,15:30,15,17,23,58.82%,66,0.00%,114.09%,900,85.19%,10
Caremore Provider (CPCS) Grand Total,,476,430,429,94.88%,5,0.23%,90.34%,359,62.39%,408
Caremore Provider (CPCS),8:00,2,1,1,100.00%,1,0.00%,50.00%,486,31.73%,1
Caremore Provider (CPCS),8:30,5,4,4,100.00%,1,0.00%,80.00%,42,5.84%,4
Caremore Provider (CPCS),9:00,10,11,11,90.91%,8,0.00%,110.00%,401,69.98%,10
Caremore Provider (CPCS),9:30,9,11,11,90.91%,11,0.00%,122.22%,469,59.86%,10
Caremore Provider (CPCS),10:00,14,14,14,100.00%,1,0.00%,100.00%,372,44.69%,14
Caremore Provider (CPCS),10:30,19,28,28,82.14%,32,0.00%,147.37%,450,78.96%,23
Caremore Provider (CPCS),11:00,33,39,39,100.00%,1,0.00%,118.18%,321,67.01%,39
Caremore Provider (CPCS),11:30,32,40,40,100.00%,2,0.00%,125.00%,313,58.94%,40
Caremore Provider (CPCS),12:00,45,31,31,100.00%,1,0.00%,68.89%,407,53.36%,31
Caremore Provider (CPCS),12:30,38,27,27,100.00%,1,0.00%,71.05%,354,48.99%,27
Caremore Provider (CPCS),13:00,40,31,31,100.00%,1,0.00%,77.50%,390,57.92%,31
Caremore Provider (CPCS),13:30,41,40,40,100.00%,1,0.00%,97.56%,382,69.26%,40
Caremore Provider (CPCS),14:00,42,45,45,93.33%,13,0.00%,107.14%,369,86.22%,42
Caremore Provider (CPCS),14:30,47,47,46,76.60%,1,2.13%,100.00%,380,94.26%,36
Caremore Provider (CPCS),15:00,52,39,39,97.44%,0,0.00%,75.00%,228,54.79%,38
Caremore Provider (CPCS),15:30,47,22,22,100.00%,0,0.00%,46.81%,392,43.77%,22
